{"cameraMode":{"drawMode":0,"name":"Shaded","section":"Shading Mode"},"sceneLighting":false,"audioPlay":false,"sceneViewState":{"m_AlwaysRefresh":false,"showFog":true,"showSkybox":false,"showFlares":true,"showImageEffects":true,"showParticleSystems":true,"showVisualEffectGraphs":true,"m_FxEnabled":true},"in2DMode":false,"pivot":{"x":-13.844321250915528,"y":26.71491241455078,"z":-89.75739288330078},"rotation":{"x":-0.24087633192539216,"y":0.007178029511123896,"z":-0.0018468024209141732,"w":-0.970384955406189},"size":7.748497486114502,"orthographic":false}