{"cameraMode":{"drawMode":0,"name":"Shaded","section":"Shading Mode"},"sceneLighting":false,"audioPlay":false,"sceneViewState":{"m_AlwaysRefresh":false,"showFog":true,"showSkybox":false,"showFlares":true,"showImageEffects":true,"showParticleSystems":true,"showVisualEffectGraphs":true,"m_FxEnabled":true},"in2DMode":false,"pivot":{"x":-18.02869987487793,"y":-87.40985107421875,"z":47.26564407348633},"rotation":{"x":-0.42706823348999026,"y":0.002631913172081113,"z":-0.0012495836708694697,"w":-0.9040745496749878},"size":105.48029327392578,"orthographic":false}