{"cameraMode":{"drawMode":0,"name":"Shaded","section":"Shading Mode"},"sceneLighting":false,"audioPlay":false,"sceneViewState":{"m_AlwaysRefresh":false,"showFog":true,"showSkybox":false,"showFlares":true,"showImageEffects":true,"showParticleSystems":true,"showVisualEffectGraphs":true,"m_FxEnabled":true},"in2DMode":false,"pivot":{"x":24.75497055053711,"y":-19.066905975341798,"z":8.388191223144532},"rotation":{"x":-0.35242873430252077,"y":0.017742833122611047,"z":-0.006541817914694548,"w":-0.9354230165481567},"size":73.81713104248047,"orthographic":false}