{"cameraMode":{"drawMode":0,"name":"Shaded","section":"Shading Mode"},"sceneLighting":false,"audioPlay":false,"sceneViewState":{"m_AlwaysRefresh":false,"showFog":true,"showSkybox":false,"showFlares":true,"showImageEffects":true,"showParticleSystems":true,"showVisualEffectGraphs":true,"m_FxEnabled":true},"in2DMode":false,"pivot":{"x":-0.32135358452796938,"y":2.9409775733947756,"z":1.4049828052520753},"rotation":{"x":0.11404382437467575,"y":-0.016395654529333116,"z":0.0018860595300793648,"w":0.9933274984359741},"size":5.293817520141602,"orthographic":false}