{"cameraMode":{"drawMode":0,"name":"Shaded","section":"Shading Mode"},"sceneLighting":false,"audioPlay":false,"sceneViewState":{"m_AlwaysRefresh":false,"showFog":true,"showSkybox":false,"showFlares":true,"showImageEffects":true,"showParticleSystems":true,"showVisualEffectGraphs":true,"m_FxEnabled":true},"in2DMode":false,"pivot":{"x":39.636268615722659,"y":-60.92829895019531,"z":147.6879425048828},"rotation":{"x":0.2405424267053604,"y":0.049089256674051288,"z":-0.012455047108232975,"w":0.9691013097763062},"size":73.81713104248047,"orthographic":false}