{"cameraMode":{"drawMode":0,"name":"Shaded","section":"Shading Mode"},"sceneLighting":false,"audioPlay":false,"sceneViewState":{"m_AlwaysRefresh":false,"showFog":true,"showSkybox":false,"showFlares":true,"showImageEffects":true,"showParticleSystems":true,"showVisualEffectGraphs":true,"m_FxEnabled":true},"in2DMode":false,"pivot":{"x":159.72084045410157,"y":24.443313598632814,"z":-19.186588287353517},"rotation":{"x":0.022686829790472986,"y":0.546594500541687,"z":-0.015187177807092667,"w":0.8367103338241577},"size":73.81713104248047,"orthographic":false}