{"cameraMode":{"drawMode":0,"name":"Shaded","section":"Shading Mode"},"sceneLighting":true,"audioPlay":false,"sceneViewState":{"m_AlwaysRefresh":false,"showFog":true,"showSkybox":false,"showFlares":true,"showImageEffects":true,"showParticleSystems":true,"showVisualEffectGraphs":true,"m_FxEnabled":true},"in2DMode":false,"pivot":{"x":-21.678171157836915,"y":-2.702165365219116,"z":-26.38847541809082},"rotation":{"x":-0.002025791211053729,"y":-0.9932137131690979,"z":0.11402952671051026,"w":-0.018097063526511194},"size":21.53168296813965,"orthographic":false}