{"cameraMode":{"drawMode":0,"name":"Shaded","section":"Shading Mode"},"sceneLighting":true,"audioPlay":false,"sceneViewState":{"m_AlwaysRefresh":false,"showFog":true,"showSkybox":true,"showFlares":true,"showImageEffects":true,"showParticleSystems":true,"showVisualEffectGraphs":true,"m_FxEnabled":true},"in2DMode":false,"pivot":{"x":11.155203819274903,"y":-93.23641204833985,"z":3192.30908203125},"rotation":{"x":-0.35668137669563296,"y":0.014285554178059101,"z":-0.0052644493989646439,"w":-0.9339504241943359},"size":79.11028289794922,"orthographic":false}