{"cameraMode":{"drawMode":0,"name":"Shaded","section":"Shading Mode"},"sceneLighting":true,"audioPlay":false,"sceneViewState":{"m_AlwaysRefresh":false,"showFog":true,"showSkybox":true,"showFlares":true,"showImageEffects":true,"showParticleSystems":true,"showVisualEffectGraphs":true,"m_FxEnabled":true},"in2DMode":false,"pivot":{"x":3.6387338638305666,"y":10.590378761291504,"z":-5.101184368133545},"rotation":{"x":-0.0048856777139008049,"y":0.9884251356124878,"z":-0.03294074535369873,"w":-0.1475648730993271},"size":2.6308600902557375,"orthographic":false}