{"cameraMode":{"drawMode":0,"name":"Shaded","section":"Shading Mode"},"sceneLighting":true,"audioPlay":false,"sceneViewState":{"m_AlwaysRefresh":false,"showFog":true,"showSkybox":true,"showFlares":true,"showImageEffects":true,"showParticleSystems":true,"showVisualEffectGraphs":true,"m_FxEnabled":true},"in2DMode":false,"pivot":{"x":733.294921875,"y":414.8844299316406,"z":695.6381225585938},"rotation":{"x":0.03180418163537979,"y":0.0014949556207284332,"z":-0.00004764000550494529,"w":0.9994897246360779},"size":820.9424438476563,"orthographic":false}