{"cameraMode":{"drawMode":0,"name":"Shaded","section":"Shading Mode"},"sceneLighting":true,"audioPlay":false,"sceneViewState":{"m_AlwaysRefresh":false,"showFog":true,"showSkybox":true,"showFlares":true,"showImageEffects":true,"showParticleSystems":true,"showVisualEffectGraphs":true,"m_FxEnabled":true},"in2DMode":false,"pivot":{"x":415.03155517578127,"y":1.3032008409500123,"z":-65.20935821533203},"rotation":{"x":0.01271386630833149,"y":0.7274388074874878,"z":-0.013167542405426503,"w":0.6855372190475464},"size":203.3649444580078,"orthographic":false}