{"cameraMode":{"drawMode":0,"name":"Shaded","section":"Shading Mode"},"sceneLighting":true,"audioPlay":false,"sceneViewState":{"m_AlwaysRefresh":false,"showFog":true,"showSkybox":true,"showFlares":true,"showImageEffects":true,"showParticleSystems":true,"showVisualEffectGraphs":true,"m_FxEnabled":true},"in2DMode":false,"pivot":{"x":323.29595947265627,"y":143.88037109375,"z":7.527359485626221},"rotation":{"x":-0.03329870477318764,"y":0.011090218089520932,"z":-0.0003978355380240828,"w":-0.9993200302124023},"size":161.1951141357422,"orthographic":false}