{"cameraMode":{"drawMode":0,"name":"Shaded","section":"Shading Mode"},"sceneLighting":true,"audioPlay":false,"sceneViewState":{"m_AlwaysRefresh":false,"showFog":true,"showSkybox":true,"showFlares":true,"showImageEffects":true,"showParticleSystems":true,"showVisualEffectGraphs":true,"m_FxEnabled":true},"in2DMode":false,"pivot":{"x":2.1229090690612795,"y":23.490150451660158,"z":-47.88935852050781},"rotation":{"x":0.28136536478996279,"y":0.2804250419139862,"z":-0.0863499864935875,"w":0.9134030342102051},"size":2.9841830730438234,"orthographic":false}