{"cameraMode":{"drawMode":0,"name":"Shaded","section":"Shading Mode"},"sceneLighting":true,"audioPlay":false,"sceneViewState":{"m_AlwaysRefresh":false,"showFog":true,"showSkybox":true,"showFlares":true,"showImageEffects":true,"showParticleSystems":true,"showVisualEffectGraphs":true,"m_FxEnabled":true},"in2DMode":false,"pivot":{"x":27.987579345703126,"y":-101.83010864257813,"z":257.51068115234377},"rotation":{"x":-0.17192342877388,"y":0.013218933716416359,"z":-0.0022695930674672128,"w":-0.9849531650543213},"size":152.60508728027345,"orthographic":false}