{"cameraMode":{"drawMode":0,"name":"Shaded","section":"Shading Mode"},"sceneLighting":true,"audioPlay":false,"sceneViewState":{"m_AlwaysRefresh":false,"showFog":true,"showSkybox":true,"showFlares":true,"showImageEffects":true,"showParticleSystems":true,"showVisualEffectGraphs":true,"m_FxEnabled":true},"in2DMode":false,"pivot":{"x":28.077064514160158,"y":23.357040405273439,"z":964.5687255859375},"rotation":{"x":-0.23790115118026734,"y":0.02468065358698368,"z":-0.006043152883648872,"w":-0.9708525538444519},"size":79.1102066040039,"orthographic":false}