{"cameraMode":{"drawMode":0,"name":"Shaded","section":"Shading Mode"},"sceneLighting":true,"audioPlay":false,"sceneViewState":{"m_AlwaysRefresh":false,"showFog":true,"showSkybox":true,"showFlares":true,"showImageEffects":true,"showParticleSystems":true,"showVisualEffectGraphs":true,"m_FxEnabled":true},"in2DMode":false,"pivot":{"x":-10.728365898132325,"y":14.165105819702149,"z":-387.8652038574219},"rotation":{"x":-0.00011934969370486215,"y":-0.9997753500938416,"z":-0.014688634313642979,"w":0.009287587366998196},"size":166.750244140625,"orthographic":false}