{"cameraMode":{"drawMode":0,"name":"Shaded","section":"Shading Mode"},"sceneLighting":false,"audioPlay":false,"sceneViewState":{"m_AlwaysRefresh":false,"showFog":true,"showSkybox":false,"showFlares":true,"showImageEffects":true,"showParticleSystems":true,"showVisualEffectGraphs":true,"m_FxEnabled":true},"in2DMode":false,"pivot":{"x":3.7995824813842775,"y":0.14537352323532105,"z":-0.17766737937927247},"rotation":{"x":0.11404382437467575,"y":-0.016395654529333116,"z":0.0018860595300793648,"w":0.9933274984359741},"size":7.588224411010742,"orthographic":false}