{"cameraMode":{"drawMode":0,"name":"Shaded","section":"Shading Mode"},"sceneLighting":false,"audioPlay":false,"sceneViewState":{"m_AlwaysRefresh":false,"showFog":true,"showSkybox":false,"showFlares":true,"showImageEffects":true,"showParticleSystems":true,"showVisualEffectGraphs":true,"m_FxEnabled":true},"in2DMode":false,"pivot":{"x":-19.02656364440918,"y":39.276058197021487,"z":-31.165664672851564},"rotation":{"x":-0.021300610154867173,"y":-0.022577034309506418,"z":0.0004941271618008614,"w":-0.9994743466377258},"size":105.48029327392578,"orthographic":false}