{"cameraMode":{"drawMode":0,"name":"Shaded","section":"Shading Mode"},"sceneLighting":false,"audioPlay":false,"sceneViewState":{"m_AlwaysRefresh":false,"showFog":true,"showSkybox":false,"showFlares":true,"showImageEffects":true,"showParticleSystems":true,"showVisualEffectGraphs":true,"m_FxEnabled":true},"in2DMode":false,"pivot":{"x":-24.386829376220704,"y":13.240598678588868,"z":-41.602455139160159},"rotation":{"x":-0.17701511085033418,"y":-0.15729586780071259,"z":0.028629278764128686,"w":-0.9710311889648438},"size":5.724076271057129,"orthographic":false}