{"cameraMode":{"drawMode":0,"name":"Shaded","section":"Shading Mode"},"sceneLighting":false,"audioPlay":false,"sceneViewState":{"m_AlwaysRefresh":false,"showFog":true,"showSkybox":false,"showFlares":true,"showImageEffects":true,"showParticleSystems":true,"showVisualEffectGraphs":true,"m_FxEnabled":true},"in2DMode":false,"pivot":{"x":-15.884317398071289,"y":11.698200225830079,"z":-70.09563446044922},"rotation":{"x":-0.18521080911159516,"y":-0.010406345129013062,"z":0.0019369206856936217,"w":-0.9825717806816101},"size":0.8660253882408142,"orthographic":false}