{"cameraMode":{"drawMode":0,"name":"Shaded","section":"Shading Mode"},"sceneLighting":false,"audioPlay":false,"sceneViewState":{"m_AlwaysRefresh":false,"showFog":true,"showSkybox":false,"showFlares":true,"showImageEffects":true,"showParticleSystems":true,"showVisualEffectGraphs":true,"m_FxEnabled":true},"in2DMode":false,"pivot":{"x":-13.557830810546875,"y":24.713472366333009,"z":-72.57735443115235},"rotation":{"x":-0.2582774758338928,"y":0.018741488456726075,"z":-0.005051865708082914,"w":-0.9657998085021973},"size":7.127589225769043,"orthographic":false}