{"cameraMode":{"drawMode":0,"name":"Shaded","section":"Shading Mode"},"sceneLighting":false,"audioPlay":false,"sceneViewState":{"m_AlwaysRefresh":false,"showFog":true,"showSkybox":false,"showFlares":true,"showImageEffects":true,"showParticleSystems":true,"showVisualEffectGraphs":true,"m_FxEnabled":true},"in2DMode":false,"pivot":{"x":20.752044677734376,"y":-60.172279357910159,"z":77.93523406982422},"rotation":{"x":-0.28845885396003725,"y":0.02818555198609829,"z":-0.008381021209061146,"w":-0.9568204879760742},"size":73.81713104248047,"orthographic":false}