{"cameraMode":{"drawMode":0,"name":"Shaded","section":"Shading Mode"},"sceneLighting":false,"audioPlay":false,"sceneViewState":{"m_AlwaysRefresh":false,"showFog":true,"showSkybox":false,"showFlares":true,"showImageEffects":true,"showParticleSystems":true,"showVisualEffectGraphs":true,"m_FxEnabled":true},"in2DMode":false,"pivot":{"x":17.588470458984376,"y":-6.473685264587402,"z":-33.54065704345703},"rotation":{"x":0.02414783649146557,"y":0.9643006324768066,"z":-0.09461697190999985,"w":0.24602201581001283},"size":23.018796920776368,"orthographic":false}