{"cameraMode":{"drawMode":0,"name":"Shaded","section":"Shading Mode"},"sceneLighting":false,"audioPlay":false,"sceneViewState":{"m_AlwaysRefresh":false,"showFog":true,"showSkybox":false,"showFlares":true,"showImageEffects":true,"showParticleSystems":true,"showVisualEffectGraphs":true,"m_FxEnabled":true},"in2DMode":false,"pivot":{"x":-13.113031387329102,"y":25.19913101196289,"z":-46.23854446411133},"rotation":{"x":-0.33413100242614748,"y":-0.01983663998544216,"z":0.007140250410884619,"w":-0.9421600699424744},"size":0.8660253882408142,"orthographic":false}