{"cameraMode":{"drawMode":0,"name":"Shaded","section":"Shading Mode"},"sceneLighting":false,"audioPlay":false,"sceneViewState":{"m_AlwaysRefresh":false,"showFog":true,"showSkybox":false,"showFlares":true,"showImageEffects":true,"showParticleSystems":true,"showVisualEffectGraphs":true,"m_FxEnabled":true},"in2DMode":false,"pivot":{"x":-9.363492965698243,"y":10.725668907165528,"z":-57.81835174560547},"rotation":{"x":-0.32569053769111636,"y":0.00394969480112195,"z":-0.0020867858547717335,"w":-0.9452797770500183},"size":21.133766174316408,"orthographic":false}